track_name,artist_name,duration_ms,acousticness,danceability,energy,instrumentalness,key,liveness,loudness,mode,speechiness,tempo,time_signature,valence,popularity,track_uri
ミルククラウン・オン・ソーネチカ (feat. 花里みのり&日野森雫&初音ミク),MORE MORE JUMP!,215880,0.0217,0.608,0.987,0,9,0.218,-2.428,1,0.0415,127.46,4,0.959,43,spotify:track:6GltlWUC3Yf8XxrarB9s6z
地球最後の告白を (feat. 桐谷遥&日野森雫&巡音ルカ),MORE MORE JUMP!,264053,0.0313,0.488,0.94,0,10,0.453,-4.68,1,0.15,95.02,4,0.472,39,spotify:track:0DsiQQyLNAU3c1r2nkWww6
FREELY TOMORROW,Mitchie M,240867,0.0178,0.648,0.931,2.52e-06,6,0.222,-2.545,1,0.0321,129.015,4,0.933,44,spotify:track:2JgyM0s5hTINiVaqJNMkVq
ダブルラリアット,Agoaniki,205000,0.248,0.551,0.917,0,7,0.351,-1.404,1,0.0316,138.026,4,0.643,27,spotify:track:3ZCA0UwO63EJAnstJ80pCN
The Disappearance of Hatsune Miku,dj-Jo,285635,0.0456,0.505,0.964,0.0273,1,0.673,-2.042,1,0.12,119.98,4,0.385,41,spotify:track:1Pz7RU28wARhLVtxsZxVR6
Bad Apple!! feat.nomico,nomico,317391,1.63e-05,0.487,0.753,0.000715,1,0.0977,-3.184,0,0.031,138.009,4,0.245,51,spotify:track:57JRZbE80MLsYbmb24cPee
アブノーマリティ・ダンシンガール,ぐちり,208004,0.069,0.522,0.898,8.83e-05,2,0.288,-5.476,0,0.0553,109.968,4,0.275,55,spotify:track:3sWcYSiFPCL5CNzU0H5Wau
ジャンキーナイトタウンオーケストラ,すりぃ,213000,0.0471,0.535,0.977,0,1,0.192,-2.149,1,0.246,145.126,4,0.605,40,spotify:track:3ASzfo5SRD3TioeUWJbHse
ツギハギスタッカート,toa,250360,0.555,0.898,0.777,0,7,0.312,-7.245,1,0.0566,138.987,4,0.934,49,spotify:track:0V7RxFamMkLN6tXR7S2t1W
えれくとりっく・えんじぇぅ,Yasuo,197167,0.27,0.366,0.987,0.0129,1,0.392,-2.301,0,0.115,150.027,4,0.726,46,spotify:track:2NuZgqzYhbvoP2IHpt1W7D
Systematic Love,Camellia,299293,0.0286,0.573,0.909,0,6,0.287,-3.675,0,0.183,135.985,4,0.395,28,spotify:track:4vdUlcT5MBLITNBput9WBs
愛Dee,Mitchie M,288027,0.00579,0.587,0.987,0.0576,6,0.373,-2.507,1,0.0631,128.021,4,0.842,36,spotify:track:1MytGyxmiRweA6GmXsMJ3A
Magical Girl and Chocolate,PinocchioP,187600,0.0866,0.646,0.863,0,6,0.861,-7.107,0,0.0531,150.086,4,0.886,41,spotify:track:12shJ1oIZnCG5ZZD8HjQVi
Ghost Rule,DECO*27,210000,0.0279,0.564,0.894,0,2,0.281,-4.596,1,0.0601,104.955,4,0.472,57,spotify:track:1OAp6qN5KmoGUQ2edICKsC
MONSTER,KIRA,213139,0.00363,0.641,0.813,0.00123,4,0.0744,-4.298,0,0.0312,118.005,4,0.59,53,spotify:track:08DlU63itukHK9nQQUvTYW
Party×Party,Hitoshizuku and Yama,219000,0.015,0.554,0.886,0,0,0.342,-3.576,0,0.0745,105.971,4,0.762,36,spotify:track:0ZmoP8er16GcUglbOdSgoY
SHOW OFF - VOCALOID ver.,和田たけあき,199583,0.0109,0.552,0.856,0,6,0.308,-4.921,0,0.15,94.868,4,0.943,34,spotify:track:7yY243juxrErsRwgFNIzij
リンリンシグナル,Dios/signalP,241520,0.185,0.621,0.977,0.000219,2,0.0454,-1.686,1,0.0502,124.076,4,0.903,16,spotify:track:7aAyeMcsviCTSCEyVmN4sp
PaIII.REVOLUTION,Yunosuke,257934,0.0743,0.484,0.98,1.98e-06,7,0.348,-2.623,1,0.102,170.018,4,0.651,25,spotify:track:2hrOdO5hgmhG71SFfiYN71
Rollin’ Girl,wowaka,194000,0.00466,0.498,0.848,0,0,0.0753,-3.091,0,0.038,97.516,4,0.319,54,spotify:track:5VJPBUVqxzLWmzzlJZy4r2
PaIII.INCEPTION,Yunosuke,271484,0.00658,0.448,0.958,0,6,0.315,-3.085,1,0.181,195.97,4,0.19,17,spotify:track:6XRUJj5ffBnZUqOfsGdls8
砂の惑星 ( + 初音ミク ),Kenshi Yonezu,240027,0.0252,0.507,0.94,0,10,0.152,-3.264,0,0.0927,94.874,4,0.917,49,spotify:track:3aYz5EBaRTWLpsfyUIsQyX
What's up? Pop! (feat. 初音ミク),Capchii,162091,0.00823,0.24,0.995,0.0253,1,0.288,-2.83,1,0.345,190.251,4,0.571,46,spotify:track:4cTLdiBHGZbnVduyq6BqpA
テレキャスタービーボーイ - long ver.,すりぃ,164500,0.154,0.492,0.911,0,1,0.365,-2.803,1,0.174,181.954,4,0.963,40,spotify:track:34PWkiTDmG9lAJ3leUGOri
Who?,Azari,116719,0.0144,0.803,0.595,0.0103,11,0.105,-8.088,0,0.0409,128.008,4,0.779,52,spotify:track:6K13hIU8J8NSSKMfLWu8sn
トリコロージュ,煮ル果実,261231,0.0134,0.64,0.904,1e-05,1,0.228,-3.512,0,0.0401,129.99,4,0.745,40,spotify:track:6TcGRtvOlMsh7kJHTnYxm8
MACHINEGUN POEM DOLL,cosMo@Bousou-P,140527,0.0101,0.631,0.838,2.49e-05,5,0.132,-7.607,0,0.0607,109.943,4,0.838,46,spotify:track:0xly7rh0DZqVxI8Jmn7sid
悪ノ召使,mothy,290213,0.805,0.628,0.779,0,0,0.261,-3.234,0,0.0404,120.032,4,0.347,40,spotify:track:4ulM7t5Dp0bkDXNdfNdxGR
ワールズエンド・ダンスホール -MIKUNOPOLIS in LOS ANGELES Live-,wowaka,223280,0.0211,0.363,0.962,3.14e-05,3,0.935,-4.356,0,0.181,171.05,4,0.468,42,spotify:track:3mMurBEHetvgoEOJRa3biN
Ladylike,KIRA,205714,0.0253,0.664,0.853,2.53e-06,6,0.311,-3.689,0,0.038,112.013,4,0.639,33,spotify:track:79Ge8EPSwRDvfhtEG9ZjC8
スキキライ,HoneyWorks,285813,0.0158,0.559,0.78,0,0,0.143,-1.158,1,0.0416,120.008,4,0.486,33,spotify:track:43571bfzMoPeXhUCVWayue
メランコリック,Junky,217880,0.0148,0.473,0.909,0.000119,5,0.402,-2.348,1,0.0461,139.987,3,0.684,42,spotify:track:2damFh3XZdKCS7STVInOPo
悪ノ娘,mothy,277686,0.158,0.535,0.716,1.91e-06,9,0.0937,-3.596,0,0.0278,140.032,4,0.615,44,spotify:track:03XONBRA5fulEuMs7gNQ05
Rokuchonen to ichiya monogatari,kemu,215013,0.000642,0.591,0.945,0.0058,11,0.115,-3.223,0,0.136,93.02,4,0.548,39,spotify:track:6F1dWmY6wDqLTXb3Omt1Oz
威風堂々 - ver.D/D,UMETORA,215538,0.0292,0.69,0.97,5.59e-06,5,0.103,-3.208,0,0.0771,130.067,4,0.524,39,spotify:track:65VI9MZUZIpNQJbGmNKmIp
愛して 愛して 愛して,Kikuo,252000,0.0862,0.605,0.842,3.08e-06,8,0.106,-4.747,1,0.0509,115.008,3,0.35,65,spotify:track:3ty4jnVIJ9My8ZnXFMc0Fg
アカツキアライヴァル,Last Note.,282240,0.00514,0.513,0.957,2.68e-05,8,0.155,-4.498,0,0.0835,124.987,4,0.571,28,spotify:track:3BFnhJw3PvOhqMtRedHfL1
World Is Mine,ryo (supercell),253701,0.0736,0.454,0.897,0,5,0.524,-2.16,0,0.0386,165.002,4,0.699,50,spotify:track:6CyxNJ5vtMLVFNxzpn9euR
魔法みたいなミュージック! (feat. 初音ミク),OSTER project,265143,0.558,0.559,0.84,0,9,0.18,-2.725,1,0.0325,104.934,4,0.792,38,spotify:track:4Cm1crfy5GQw1OiEuFjAXO
TONDEMO-WONDERZ,sasakure.UK,195823,0.179,0.671,0.913,0,0,0.304,-4.205,1,0.0561,172.063,4,0.96,48,spotify:track:4hrhv3LGlhO0qK21zWeHgW
ハッピーシンセサイザ,EasyPop,236582,0.0354,0.621,0.94,0,5,0.125,-2.298,1,0.0291,126.993,4,0.943,43,spotify:track:5rphHpZnxY9EGg8CdWSXPp
LUVORATORRRRRY!,Reol,204187,0.0169,0.679,0.951,0.0882,6,0.0176,-3.066,0,0.147,128.008,4,0.945,49,spotify:track:1AMzUKhF0vCFHZTx8H7OS4
ルカルカ★ナイトフィーバー -MIKU EXPO 2014 in INDONESIA Live-,Samfree,202086,0.00783,0.381,0.996,0,5,0.42,-3.345,0,0.201,160.016,4,0.283,46,spotify:track:1qfh55N9dvFU1ESAJ3jFQG
泡沫未来 (feat. 初音ミク),加賀(ネギシャワーP),171955,0.453,0.592,0.877,0,4,0.0644,-2.6,1,0.0404,178.973,4,0.733,34,spotify:track:1dV1V1xgkrnWE1GcK5fsdw
villain,Teniwoha,200392,0.00628,0.312,0.876,7.86e-05,7,0.244,-3.819,1,0.422,201.981,4,0.745,51,spotify:track:5KE5i73iG4A7h8OyqyIaZK
ミルククラウン・オン・ソーネチカ,YUZY,216544,0.0415,0.572,0.966,0,1,0.179,-3.286,0,0.0363,127.486,4,0.933,38,spotify:track:2jxakPQFR2IBXVmvt5y8YB
Just Be Friends,Dixie Flatline,301469,0.00492,0.689,0.918,0,0,0.339,-4.5,1,0.0428,128.004,4,0.844,45,spotify:track:7qdIR2jTfgOvsQSWHPjjIJ
No Logic,jimmythumbP,256300,0.095,0.712,0.774,0.000296,9,0.144,-3.787,1,0.0301,117.011,4,0.43,14,spotify:track:6NjjkEDS9ZWCXks5PZFl5r
BUG,Kairikibear,171613,0.109,0.621,0.963,0,10,0.313,-0.766,0,0.0614,92.994,4,0.911,55,spotify:track:1fqfev7K0mfX7e1W64pDvA
Non-breath oblige,PinocchioP,208991,0.0943,0.606,0.852,1.89e-06,0,0.0991,-4.996,1,0.0881,147.997,4,0.526,47,spotify:track:5LAec0974S9ZJ4WmNbgRyv
千本桜,Ado,241558,0.0036,0.515,0.921,8.75e-06,5,0.127,-4.184,1,0.044,153.968,4,0.709,50,spotify:track:6pUBZKUGia5EN2uQ2mLKeT
ロストワンの号哭,Neru,214147,0.0968,0.382,0.892,0,7,0.549,-1.073,1,0.184,161.846,4,0.806,54,spotify:track:7bjO3BMl5ps63mpPMfhPDC
Knife,rerulili,273818,0.0843,0.528,0.971,0.000399,7,0.033,-2.442,0,0.142,109.964,4,0.596,35,spotify:track:3Ihw9dUCollBvcOIqyByx1
Gigantic O.T.N,gigaP,200500,0.0197,0.656,0.978,0.00322,1,0.265,-2.872,1,0.0921,95.004,4,0.742,44,spotify:track:5ptffsJGDrVa0wJXHfXBsN
君はできない子,Kikuo,261600,0.0593,0.681,0.839,1.4e-05,9,0.119,-5.398,1,0.0286,128.018,4,0.758,59,spotify:track:7corSqnjU5bX09ZXy3nhVD
PaIII.SENSATION,Yunosuke,231719,0.00292,0.472,0.969,5.81e-05,7,0.0553,-3.357,1,0.0805,179.995,4,0.665,34,spotify:track:2mDyeQaFwOEiqkENaEt1dy
Blackjack,yuchaP,158926,0.000689,0.445,0.903,0,8,0.213,-3.169,1,0.0402,114.09,4,0.71,38,spotify:track:7HIy8ajP3ldKI9txACAzzy
Love Trial,40mP,219781,0.0318,0.71,0.851,0,1,0.342,-2.633,0,0.0382,134.004,4,0.895,47,spotify:track:7oa18QwhLsV3JfITGDxslD
God-ish,PinocchioP,203760,0.246,0.652,0.811,1.35e-05,7,0.304,-7.125,0,0.0964,142.046,4,0.538,52,spotify:track:206UWNKXURTnN4zf9vmXUV
Common World Domination,PinocchioP,200900,0.00855,0.514,0.969,0.000681,1,0.2,-2.908,0,0.126,149.907,4,0.757,43,spotify:track:1A0k6cjkrCxH3Hx7Awb2G2
人生 (feat. 初音ミク&鏡音リン&鏡音レン&巡音ルカ&MEIKO&KAITO),アンメルツP,148732,0.28,0.344,0.917,0,9,0.297,-8.451,1,0.181,92.204,3,0.646,21,spotify:track:5oNOhnjGimInGWzVXPqbMF
ロミオとシンデレラ,doriko,280960,0.013,0.454,0.954,0.00518,1,0.232,-3.856,1,0.0523,170.153,4,0.741,41,spotify:track:0kiDN35Ern4Mi3rqv3dP6D
+♂,gigaP,216000,0.106,0.542,0.975,0,0,0.269,-3.311,1,0.227,180.063,4,0.775,41,spotify:track:0Mv4LkaBvDlF2VLpBRRleR
おちゃめ機能,Lon,252067,0.14,0.636,0.921,2.33e-05,9,0.074,-3.035,1,0.0794,150.022,4,0.761,39,spotify:track:0vziRWZny2GDwHX2UYJxa2
アイディスマイル (feat. 宵崎奏&朝比奈まふゆ&東雲絵名&暁山瑞希&MEIKO),25時、ナイトコードで。,180625,0.271,0.696,0.791,2e-05,0,0.122,-5.579,1,0.0848,171.01,4,0.83,54,spotify:track:6D83eyksFpi3mIIs3KMWrS
Melancholy,ayiko,195134,0.156,0.813,0.893,0.00278,7,0.0922,-2.977,0,0.0391,119.985,4,0.576,23,spotify:track:2ppiNzN0ln7cHQ5rQBPlK2
蜜月アン・ドゥ・トロワ,DATEKEN,252973,0.698,0.427,0.57,0.000283,2,0.33,-4.798,0,0.0303,183.843,3,0.57,40,spotify:track:2C4AUUbJk0Gd82sJYZrOx8
炉心融解,iroha(sasaki),329038,0.0298,0.555,0.976,0.00192,2,0.205,-0.171,1,0.151,164.967,4,0.379,51,spotify:track:705CVl7WvtnJgVpGIgZ6dQ
ヒバナ -Reloaded-,DECO*27,206440,0.00833,0.588,0.936,2.29e-05,10,0.108,-3.82,0,0.0748,99.967,4,0.72,52,spotify:track:3g2jMbl3XTP0k0cYb5rN6p
Echo,Crusher-P,230029,0.082,0.637,0.906,0,3,0.125,-3.099,0,0.0522,140.025,4,0.36,55,spotify:track:2pDPOMX0kWA7kcPBcDCQBu
白い雪のプリンセスは (feat. 初音ミク),Noboru,261900,0.00417,0.276,0.867,3.22e-06,1,0.177,-3.759,0,0.0477,199.703,4,0.723,26,spotify:track:24m0QkRKCICSr6Ma0i0eva
PaIII.AGITATION (feat. 初音ミク×GUMI×鏡音リン),Yunosuke,215166,0.0504,0.579,0.932,0.0163,5,0.355,-2.39,0,0.0399,180.027,4,0.963,26,spotify:track:7o3GPBlq0X0otPk0LX1CmI
右肩の蝶,noripy,263640,0.0149,0.566,0.999,0.144,4,0.282,-2.723,0,0.0693,139.974,4,0.96,50,spotify:track:3g3aU6Rlwv4DRSv63KsL4d
カンタレラ,KuroUsa,179453,0.251,0.538,0.72,0,10,0.0643,-4.641,0,0.0341,144.114,4,0.844,45,spotify:track:5nvcwCiRhUMHPSSUZCUqbz
Karakuri Pierrot,40mP,249600,0.569,0.449,0.871,1.93e-06,7,0.401,-2.365,0,0.0714,204.048,4,0.786,37,spotify:track:4HhBcYAKUh31STh1qroLBR
ハウトゥー世界征服,Neru,213267,0.109,0.591,0.918,1.05e-06,11,0.091,-2.536,0,0.0999,151.058,4,0.549,36,spotify:track:4Ojt5gWifge2rBRpQfWxjI
Ifuudoudou,UMETORA,202000,0.00557,0.673,0.942,0,5,0.36,-5.163,0,0.107,130.003,4,0.793,48,spotify:track:6VVTOoblmGJDgLJOyOBwDF
一心不乱,UMETORA,197218,0.107,0.584,0.891,7.08e-05,1,0.0725,-1.488,0,0.0451,141.993,4,0.872,32,spotify:track:75EGAQg5gJhUz69GSYufBt
"Hello,Woker",KEI,233333,0.32,0.533,0.84,0,9,0.186,-4.482,1,0.0312,167.957,4,0.625,21,spotify:track:0PSHXVkRSVOcZMRXJchtyo
帝国少女,R Sound Design,254237,0.0739,0.603,0.87,3.28e-06,4,0.0562,-2.248,1,0.0367,117.994,4,0.684,43,spotify:track:5MyB548UcM38O2emb7HPDj
88☆彡 (feat. 初音ミク&KAITO),Marasy,128914,0.0428,0.491,0.932,1.36e-06,1,0.328,-2.779,0,0.0454,174.817,4,0.335,43,spotify:track:4LDpGNqQdPA0iMxi6n0YVn
迷的サイバネティックス (feat. 巡音ルカ),otetsu,248165,0.0478,0.482,0.936,0,1,0.3,-2.846,0,0.0576,144.96,4,0.446,20,spotify:track:0Y9NKOkNxTbiA6Dm64QvGQ
ビバハピ,Mitchie M,215840,0.0206,0.61,0.989,0.000157,4,0.655,-2.877,0,0.0831,147.991,4,0.77,44,spotify:track:4P0f1HTaA2UwtLJGryNgJZ
lower one's eyes,ぬゆり,230000,0.0355,0.62,0.944,8.95e-05,10,0.206,-3.361,0,0.134,132.05,4,0.801,49,spotify:track:3P8sZzCeWXnBieW9XxE02Y
ブラックゴールド (feat. 巡音ルカ),otetsu,252000,0.00837,0.454,0.993,7.14e-06,6,0.162,-1.157,0,0.119,125.002,4,0.425,25,spotify:track:0UK2AmpnaBGM5UQtSLASFh
エゴロック - long ver.,すりぃ,169529,0.0435,0.537,0.99,0,0,0.257,-2.534,0,0.199,112.574,4,0.433,53,spotify:track:2FRMwFXODegegRrfLAeVwx
砂の惑星 feat.初音ミク,hachi,238875,0.0883,0.513,0.935,0,5,0.163,-2.837,0,0.0892,94.963,4,0.877,52,spotify:track:2RBQ84niVRC6bBdhe7lc9F
天樂,Yuuyu,274267,0.00108,0.571,0.971,0.0724,11,0.124,-1.303,0,0.0791,115.992,4,0.547,35,spotify:track:79HcrcBQ6s2gDpetLznvAt
Hana Wo Utau,Shino,206609,0.0385,0.677,0.809,1.8e-05,11,0.639,-4.511,1,0.0554,114.996,4,0.92,31,spotify:track:2nMv7p0ewXCOElhIzUrnDr
"Newly Edgy Idols (feat. Hatsune Miku, Kagamine Rin, Megurine Luka, Meiko)",Mitchie M,229091,0.000121,0.472,0.968,0.0239,1,0.325,-2.158,1,0.0419,175.971,4,0.708,38,spotify:track:4dCEyujUOXbLxF3FS8ffFM
track_name,artist_name,duration_ms,acousticness,danceability,energy,instrumentalness,key,liveness,loudness,mode,speechiness,tempo,time_signature,valence,popularity,track_uri
SUMMER,BROCKHAMPTON,204939,0.847,0.497,0.55,0.049,8,0.119,-6.13,1,0.0257,79.955,4,0.542,58,spotify:track:66dQdXAbtuPdSasezCQVZE
Me & You ◑,HONNE,243601,0.645,0.769,0.546,0.000231,0,0.0948,-8.27,0,0.0387,120.22,4,0.603,56,spotify:track:1ITJTMrS4cx8zdlI7DdSoo
Stolen Dance,Milky Chance,313684,0.427,0.885,0.581,0.000204,11,0.0759,-8.813,1,0.0378,114.016,4,0.728,70,spotify:track:6vECYJHxYmm3Ydt3fF01pE
weekends,Hojean,214659,0.629,0.57,0.278,0,5,0.108,-10.521,1,0.0284,73.994,4,0.11,47,spotify:track:14DHQhxhnDnYMi4o4ABfHu
Wrong About Forever,Jeff Bernat,198472,0.537,0.603,0.439,0,0,0.191,-8.995,1,0.118,64.003,4,0.257,58,spotify:track:6P2BlKa7uBwKV6KVsEBkmv
Over 85,Hojean,204014,0.0824,0.644,0.522,0,0,0.122,-8.197,0,0.0273,99.999,4,0.477,48,spotify:track:6KhT7CK6FL0BnI3nVPqv4F
Sunflower - Spider-Man: Into the Spider-Verse,Post Malone,157560,0.533,0.755,0.522,0,2,0.0685,-4.368,1,0.0575,89.96,4,0.925,78,spotify:track:0RiRZpuVRbi7oqRdSMwhQY
say what's on your mind,slchld,173740,0.81,0.676,0.462,0.0286,6,0.222,-4.207,0,0.037,78.959,4,0.369,49,spotify:track:5sZOGj6SfzD7lWpwKhF6oE
Vintage,NIKI,177320,0.0114,0.771,0.816,0.000963,2,0.339,-7.104,1,0.0581,104.958,4,0.438,57,spotify:track:1NCUe90ZCiWTnWn3umrwqw
Lover Is a Day,Cuco,456000,0.0427,0.406,0.647,0.193,3,0.1,-10.453,1,0.0413,180.044,4,0.344,28,spotify:track:76tGvMdmFKuiMew33ZNNA9
"she likes spring, I prefer winter",slchld,207436,0.556,0.39,0.661,0,9,0.264,-6.68,1,0.0604,79.56,4,0.487,60,spotify:track:3vWeZSOhhmOai0Go0zKm5j
camellia,slchld,151212,0.479,0.714,0.56,0,10,0.157,-4.742,1,0.0662,109.934,4,0.945,54,spotify:track:7kpe2K0hdSssLj4G4YjxdU
Day 1 ◑,HONNE,233601,0.21,0.503,0.581,0.000708,6,0.257,-7.007,1,0.0881,94.555,4,0.633,61,spotify:track:6ZzYETKetIfNUsZUb23jgG
Cherry Wine,grentperez,173286,0.345,0.761,0.565,0,11,0.0825,-7.016,0,0.0411,105.008,4,0.583,27,spotify:track:1a1LrfgkTvfHFykIxcv8WU
Easily,Bruno Major,210240,0.491,0.772,0.256,0.00612,7,0.144,-8.545,0,0.0481,118.902,3,0.357,27,spotify:track:2k9N4caeCIJLOWwWwssrEM
What 2 Do,DEAN,224099,0.249,0.632,0.531,0,8,0.346,-5.669,1,0.0333,95.061,4,0.511,56,spotify:track:6GS3lnAVy5w6AHWEKYzYeS
Pick Up Your Phone,Hojean,169413,0.0513,0.855,0.546,0.000292,0,0.0725,-5.192,1,0.0364,94.989,4,0.869,48,spotify:track:5jDpJZ4AV0YVV8o9Ez2U9s
Best Friend,Rex Orange County,262231,0.395,0.575,0.714,0,6,0.115,-5.247,1,0.0596,144.982,4,0.32,32,spotify:track:47Bg6IrMed1GPbxRgwH2aC
beside you,keshi,166023,0.459,0.711,0.747,0,0,0.0957,-6.335,1,0.0523,136.0,4,0.852,70,spotify:track:1Fhb9iJPufNMZSwupsXiRe
Newsflash!,NIKI,204427,0.086,0.734,0.373,0,7,0.0913,-8.997,0,0.146,79.998,4,0.481,48,spotify:track:4jbA7VSQHZeWLktuUuHWbz
Constant,Jesse Barrera,190348,0.492,0.668,0.427,1.44e-05,9,0.201,-8.74,1,0.0271,87.031,4,0.604,58,spotify:track:12ZYXSzFJUSrFyO1u3Ylqx
Text Me,DPR LIVE,177343,0.146,0.846,0.592,0,5,0.258,-6.452,0,0.28,134.024,4,0.757,58,spotify:track:1dN4Z7wZTQXLEl33RkMO3a
Nothing,Bruno Major,162797,0.931,0.555,0.27,0.536,2,0.103,-15.892,1,0.0884,139.691,3,0.274,31,spotify:track:2IAR0DziHCjSu16gR4ihvy
Show Me That You Care,Hojean,212241,0.712,0.49,0.406,0,1,0.293,-9.746,1,0.0465,174.049,4,0.302,48,spotify:track:4nr88Lwd89TGdccRQEWfsS
instagram,DEAN,255729,0.196,0.463,0.566,0,8,0.284,-6.195,1,0.145,93.921,4,0.219,65,spotify:track:6z1kLsntE7FuzKZHZWrXYN
Wednesday Girl,Elijah Who,194064,0.162,0.567,0.634,2.81e-06,11,0.148,-9.274,0,0.0439,79.873,4,0.377,36,spotify:track:1yL848z599Q39USEY7JuDJ
Drive Safe,Rich Brian,240118,0.635,0.635,0.312,0,7,0.138,-8.134,1,0.0265,98.017,4,0.414,57,spotify:track:6eDfe957aV4sqGnDhlSikJ
Shouldn't Be,Luke Chiang,210436,0.738,0.651,0.291,0,4,0.115,-10.009,1,0.0326,124.898,3,0.302,20,spotify:track:3wefloF3t1sFZx8YMFhqYB
Used to Me,Luke Chiang,179500,0.32,0.776,0.508,1.53e-05,5,0.329,-6.973,0,0.151,100.048,4,0.692,10,spotify:track:3XRCW9Ty46AMuKEPFjAZom
This Is A Life - Extended,Son Lux,215000,0.554,0.266,0.135,8.77e-06,9,0.127,-15.924,1,0.037,80.329,4,0.0702,43,spotify:track:2YDj0uV5P7kKN4gGcUMEJT
Love Affair,UMI,190960,0.129,0.613,0.488,2.13e-05,8,0.335,-7.37,1,0.0964,172.076,4,0.183,64,spotify:track:4ZaRg5Sf4TKr0YcFRLh7QJ
Lose,NIKI,256001,0.846,0.41,0.316,0,0,0.124,-8.13,1,0.029,133.288,4,0.22,50,spotify:track:7rgjkzZBhBjObaYsvq8Ej0
Memories,Conan Gray,248819,0.00979,0.34,0.684,0,11,0.348,-6.306,1,0.044,112.969,4,0.556,71,spotify:track:7AYP21Q4qnxw2WxETEvSRb
Still,Jeff Bernat,226927,0.581,0.485,0.315,0.000349,4,0.11,-11.599,1,0.0946,134.714,4,0.425,59,spotify:track:6sv7ZmasB6qSiF8hWJNpDG
Happiness,Rex Orange County,279693,0.734,0.399,0.235,1.56e-06,5,0.161,-9.774,1,0.0334,105.645,3,0.197,26,spotify:track:2rXVtoLBHuXcNB5DVfIc9p
Loving Is Easy (feat. Benny Sings),Rex Orange County,155720,0.217,0.756,0.609,0.00482,3,0.0959,-7.927,1,0.0544,117.024,4,0.537,28,spotify:track:5EYi2rH4LYs6M21ZLOyQTx
D (Half Moon),DEAN,229360,0.246,0.512,0.765,0,7,0.0573,-5.252,1,0.136,169.709,4,0.519,61,spotify:track:3uA8SjMyDtwtt0jLPMQbVD
Don't Look Back,PREP,271800,0.396,0.736,0.421,0.00262,0,0.0875,-9.469,0,0.05,75.013,4,0.496,2,spotify:track:4Fhlg7UFKHbvBZgsHu6K89
Cherry Cola,Kuwada,184360,0.764,0.777,0.635,2.25e-06,5,0.155,-6.323,0,0.0392,138.04,4,0.653,56,spotify:track:44uCMdE6RWnkOFYTtbmUUc
How to Say Sorry,Middle School,217000,0.278,0.412,0.601,0,1,0.315,-5.894,0,0.208,51.649,4,0.501,29,spotify:track:50UZJFIsKu5NiFziKZdkmC
Through and Through,khai dreams,113684,0.383,0.851,0.424,0,6,0.0843,-9.307,1,0.0463,94.927,4,0.591,32,spotify:track:4RHyIzFRht2z17XeHB9dsF
Lemonade,Jeremy Passion,184085,0.726,0.519,0.198,0,8,0.142,-11.927,1,0.049,122.366,4,0.563,54,spotify:track:6Jt96y5MkmIH0b3B8t9IbX
you won't be there for me,slchld,182646,0.226,0.777,0.308,0,2,0.109,-6.483,0,0.0314,94.933,4,0.634,57,spotify:track:7vwhqiIfU8HqXhNgyy8ubR
I Might ◑,HONNE,255799,0.468,0.781,0.302,0.000183,1,0.141,-9.005,1,0.17,135.078,4,0.535,38,spotify:track:5xuYgLzLhNo5nsyLDC2Hse
Corduroy Dreams,Rex Orange County,206975,0.653,0.608,0.305,0,4,0.103,-14.037,1,0.053,113.818,4,0.222,26,spotify:track:02tvc9CFnTyHuSRlGeNv9w
Home,Luke Chiang,170914,0.228,0.798,0.341,5.28e-05,0,0.206,-7.773,1,0.0469,92.99,4,0.393,8,spotify:track:21xCXsuI6easPmJ9e25nkl
Remember Me,UMI,199227,0.456,0.84,0.344,3.36e-05,5,0.35,-8.613,0,0.0374,111.994,4,0.526,62,spotify:track:630Ug0XtmhhFvAKo0PNuEI
Sunflower,Rex Orange County,252231,0.646,0.384,0.765,0.00352,6,0.522,-4.463,1,0.0579,129.903,4,0.567,30,spotify:track:4EpZ4eYuZOwPSSwyqpdHnJ
Every Time Around,Vansire,216337,0.234,0.742,0.556,0.73,1,0.108,-8.252,0,0.0262,110.995,4,0.721,0,spotify:track:22iZ9lazlmjPO9sp0uzUex
Drifting Away,khai dreams,192500,0.739,0.521,0.268,0.177,1,0.0718,-15.199,1,0.0407,119.879,4,0.272,29,spotify:track:6R5JpLDVRgRI6P2OQCjA4n
Jasmine,DPR LIVE,201511,0.331,0.597,0.486,0,8,0.14,-5.893,1,0.0986,137.68,4,0.397,64,spotify:track:2IgbYlOlFpiSFYnsqB39lM
SUGAR,BROCKHAMPTON,204533,0.449,0.453,0.538,0,1,0.19,-8.212,1,0.0638,122.973,4,0.516,68,spotify:track:6U0FIYXCQ3TGrk4tFpLrEA
May I Ask,Luke Chiang,230548,0.407,0.718,0.357,0,2,0.0897,-8.843,1,0.0437,146.006,4,0.347,11,spotify:track:4pV3f1Nn5XtyA9x60rFan7
To Myself,DPR LIVE,213447,0.153,0.772,0.836,0,11,0.767,-6.075,1,0.186,119.974,4,0.708,55,spotify:track:1PCkbjg2mFmrGAqdP8LB8F
La Cienega,88rising,192607,0.506,0.61,0.318,0.000617,8,0.102,-9.95,1,0.148,109.491,3,0.214,54,spotify:track:3iGz75NJkqHubYUMRELLyP
Lost,Frank Ocean,234093,0.0272,0.913,0.603,0.000503,8,0.167,-4.892,1,0.226,123.061,4,0.497,80,spotify:track:3GZD6HmiNUhxXYf8Gch723
The Most Beautiful Thing,Bruno Major,235427,0.535,0.806,0.362,0.045,7,0.111,-10.381,1,0.0345,127.502,4,0.42,23,spotify:track:5unXHHcSQLGO19RuVqZB6d
Loretta,Ginger Root,190154,0.282,0.706,0.801,0.594,2,0.143,-5.646,1,0.0462,130.001,4,0.887,59,spotify:track:3eZqBNHlNA4lUsbAB6UmvD
Young,ADOY,219360,0.472,0.63,0.511,0,7,0.27,-7.232,1,0.0264,112.009,4,0.464,36,spotify:track:2N9udjvetx4OMCA0RLFYEC
Ai Đưa Em Về,TIA,233249,0.839,0.809,0.49,0,10,0.117,-7.08,0,0.0388,99.967,4,0.353,55,spotify:track:39TAKt2hL8sdhVTFCNfm2Y
You Feel Like,Hojean,195882,0.239,0.724,0.492,0.00159,7,0.0869,-8.264,0,0.0328,102.009,4,0.184,24,spotify:track:1EGtfMlDM9qOb0C0vQYz8H
Untitled,Rex Orange County,135707,0.905,0.567,0.199,0,9,0.131,-9.601,1,0.101,83.827,5,0.329,21,spotify:track:3PbV3ocgAp3Xn0omGFC0cG
Love & City Lights,YAØ,184941,0.443,0.562,0.406,2.61e-06,1,0.0673,-8.717,0,0.0357,170.039,4,0.325,41,spotify:track:2lGQJuNsRG289zdlZmDHR2
Casual,Jesse Barrera,200038,0.393,0.53,0.45,0,7,0.207,-10.006,1,0.168,67.467,4,0.412,26,spotify:track:4104eILuuQhhcJRkCwGHZE
Television / So Far So Good,Rex Orange County,262600,0.592,0.405,0.505,0,5,0.121,-7.75,1,0.0458,164.971,4,0.318,31,spotify:track:5OUTFH5acycdnf8OVo21Gv
SLOW DANCING IN THE DARK,Joji,209274,0.544,0.515,0.479,0.00598,3,0.191,-7.458,1,0.0261,88.964,4,0.284,80,spotify:track:0rKtyWc8bvkriBthvHKY8d
January,Verzache,196364,0.933,0.689,0.246,0.0534,4,0.113,-13.33,1,0.0379,87.985,4,0.18,52,spotify:track:4ufN2o3Rf6LN5Z0XaqJXIz
honey,boy pablo,254886,0.304,0.656,0.628,0.074,0,0.135,-10.161,1,0.0339,144.036,4,0.715,57,spotify:track:6pXe0HxGT1xufKGhZYqweC
Ocean~,Kuwada,185960,0.462,0.926,0.521,0.000117,5,0.108,-5.17,0,0.0408,115.403,4,0.534,37,spotify:track:4Hpi2QkO0Yl8OzirZuyY57
Afterthought,Joji,194871,0.398,0.668,0.547,0.0766,1,0.0931,-8.024,1,0.0353,83.5,4,0.192,65,spotify:track:6zvqq50PL7io0rprbkrYc9
Paragraphs,Luke Chiang,233513,0.841,0.462,0.357,1.04e-05,2,0.318,-9.476,1,0.055,97.579,5,0.188,10,spotify:track:4kEhwajTV4psTYa9FaWwac
Losing Touch,slchld,207758,0.823,0.5,0.506,0,1,0.373,-6.29,1,0.0527,84.719,4,0.248,0,spotify:track:0EDU6o6WBVoDulghHqLAwT
Dancing With The Devil,NIKI,162467,0.217,0.76,0.558,0.00321,5,0.119,-8.105,0,0.0455,102.057,4,0.462,46,spotify:track:6sjlDvvIQskeRtipoastyN
love,DEAN,258227,0.00125,0.582,0.67,0.000669,11,0.105,-6.69,1,0.0483,109.993,4,0.37,53,spotify:track:6wcRv0UBvEH9NCIA3IVyQs
Cold,Rich Brian,228433,0.368,0.648,0.734,0,0,0.0938,-6.289,1,0.298,167.044,4,0.196,48,spotify:track:0nKpHGrnuejevp6openGaF
Pluto Projector,Rex Orange County,267520,0.707,0.379,0.219,0.000691,5,0.118,-11.196,1,0.0307,79.786,4,0.188,75,spotify:track:4EWBhKf1fOFnyMtUzACXEc
I Like U,NIKI,267733,0.071,0.48,0.526,0,5,0.0879,-7.099,1,0.275,199.662,3,0.374,65,spotify:track:6f7BE3VcZScJx6n3wsf5Z3
You Might Be Sleeping,Jakob,147093,0.731,0.587,0.565,0.341,7,0.169,-9.249,1,0.0265,92.604,4,0.508,62,spotify:track:2KvbRojbZGMsWr1Nuj5n2f
Every Summertime,NIKI,215687,0.393,0.628,0.676,6.94e-05,6,0.0978,-4.227,1,0.0424,78.996,4,0.723,74,spotify:track:68HocO7fx9z0MgDU0ZPHro
Goodie Bag,Still Woozy,146390,0.821,0.739,0.522,0.00124,7,0.233,-12.304,0,0.151,138.263,4,0.619,72,spotify:track:4vHNeBWDQpVCmGbaccrRzi
Fantasy,khai dreams,170667,0.712,0.35,0.429,0,7,0.307,-13.14,1,0.131,169.901,4,0.207,30,spotify:track:0QMCxc6dP8ObzoJExJd5oc
Lover Boy,Phum Viphurit,236727,0.527,0.798,0.556,0.000353,11,0.0959,-8.597,1,0.0303,109.994,4,0.627,59,spotify:track:2rd4FH1cSaWGc0ZiUaMbX9
maybe we need a break,slchld,184833,0.766,0.446,0.409,0,9,0.0891,-4.812,1,0.0547,80.111,5,0.348,56,spotify:track:2P2r0647uy5pKUikGZ7q9B
track_name,artist_name,duration_ms,acousticness,danceability,energy,instrumentalness,key,liveness,loudness,mode,speechiness,tempo,time_signature,valence,popularity,track_uri
MINT,SNEAKER KIDS,187383,0.109,0.773,0.688,0,10,0.107,-8.473,0,0.0801,112.998,4,0.454,34,spotify:track:6WYLilB7FiiVewawToS46d
Pop Star 팝스타,Peachy!,156694,0.0564,0.907,0.624,0.000591,4,0.128,-10.691,1,0.128,120.985,4,0.936,43,spotify:track:3mFxRJau0dXGjFmA9Y4Yda
bubble tea,Zamir,168653,0.182,0.777,0.698,0,8,0.0712,-6.099,0,0.304,81.921,4,0.656,45,spotify:track:30r61ftxU9BKOYmHbPPGdG
Okay,Alex Layne,205333,0.0301,0.627,0.772,0.00465,7,0.223,-8.822,1,0.0443,89.996,4,0.781,39,spotify:track:28R7w33jmrhQsQCai4XscJ
"sorry, i like you too",Burbank,190490,0.37,0.397,0.59,0,9,0.134,-8.344,1,0.0586,84.221,4,0.524,43,spotify:track:7pwm1FQKRcN3hf68GN4vom
Beneath the Mask,VGR,258000,0.11,0.673,0.572,0.0466,7,0.217,-6.871,0,0.173,80.007,3,0.174,38,spotify:track:2enmWcQkMyQc4GomGVKaQw
Morning Coffee (bubble ver.),Chevy,163067,0.387,0.952,0.551,4.8e-06,2,0.311,-8.21,1,0.0615,106.028,4,0.705,43,spotify:track:1K9CL16mm9bI5NQU3BzvVe
Sorbet,Galdive,196957,0.481,0.733,0.448,3.01e-05,0,0.11,-7.212,1,0.115,78.77,4,0.623,52,spotify:track:4LHGY9MUZUUUfUGaZ6nQwu
Wonder Why,Eli Noir,205871,0.166,0.843,0.635,0,5,0.0646,-3.527,0,0.0778,96.031,4,0.904,36,spotify:track:2qIh3qMlJR3JIOEzZubmrJ
Flyin' Hi,Zako,147316,0.846,0.47,0.673,0,5,0.738,-6.649,1,0.122,94.332,4,0.391,30,spotify:track:7HDEkHFTfnYeMsPf4t8AXO
Weakness,Eli Noir,152033,0.7,0.732,0.276,0,0,0.118,-9.756,0,0.0505,109.781,4,0.905,41,spotify:track:61lAlWCUAhCC5OkFk4aG0j
eighty-five,again&again,192316,0.09,0.71,0.618,3.93e-05,11,0.141,-8.865,0,0.0598,94.995,4,0.797,42,spotify:track:3QqdwK6b3QTRIWkT9oNYb1
BUBBLE TEA,dark cat,243375,0.182,0.753,0.669,0.0774,2,0.442,-7.39,1,0.0505,159.994,4,0.66,29,spotify:track:4YMvlMYV3hD8emKCprfb4N
Wii Date,City Girl,178065,0.236,0.774,0.468,1.67e-06,8,0.157,-10.217,1,0.303,154.976,4,0.59,45,spotify:track:2bM3ptRxLbPQngcYwKGDfI
Maybe I,Galdive,195176,0.811,0.697,0.488,0.0286,3,0.106,-5.2,0,0.206,170.0,4,0.588,38,spotify:track:59sATtKOW6fC418Z6y4fOv
Feelin' So Damn Fine,Park Bird,228204,0.495,0.714,0.503,1.18e-06,1,0.0873,-6.267,1,0.0447,95.021,4,0.868,36,spotify:track:6LLCjwgEkJNXAYY9w1oKBO
on the move,Zamir,222500,0.49,0.703,0.537,1.17e-06,1,0.112,-6.949,0,0.194,96.038,4,0.343,45,spotify:track:2DBnavN8wezUzjkq86PdqA
Ctrl R,Luxid,199889,0.307,0.743,0.632,0,4,0.151,-7.17,0,0.0305,109.972,4,0.578,42,spotify:track:0F8SVNd2tFXkWFLG6gCyBW
track_name,artist_name,duration_ms,acousticness,danceability,energy,instrumentalness,key,liveness,loudness,mode,speechiness,tempo,time_signature,valence,popularity,track_uri
Goshen '97,Strand of Oaks,180387,0.000525,0.324,0.903,0.371,9,0.188,-2.131,1,0.106,138.096,4,0.28,0,spotify:track:7cI7RYPQUSwyTF9O5AI04F
Too Fake,Hockey,247413,0.026,0.668,0.653,7.3e-05,1,0.11,-7.752,1,0.056,138.45,4,0.506,31,spotify:track:7mBJfKBkCOThuQeRG4GAj6
Cold Cold Man,Saint Motel,230773,0.00652,0.613,0.661,0,9,0.0976,-4.984,1,0.0263,110.978,4,0.509,62,spotify:track:6RKGBcDtgzXx21zUjpeu6F
Hannah Hunt,Vampire Weekend,237973,0.717,0.345,0.313,0.000822,4,0.1,-10.098,1,0.0681,207.969,4,0.164,0,spotify:track:3t87C08isN6yw2DnWOorLm
Electricityscape,The Strokes,213200,0.0022,0.382,0.882,0.144,11,0.0776,-4.166,1,0.0429,140.034,4,0.57,43,spotify:track:0bZdpukYLaMgtR4LCUhTDp
Hurricane Jane,Black Kids,272960,0.00624,0.681,0.803,1.67e-05,1,0.115,-5.161,0,0.028,112.892,4,0.695,26,spotify:track:1fezQUiuOB2Tp8NbPdaUXO
Soundcheck,Catfish and the Bottlemen,261560,0.00112,0.602,0.749,0.0764,2,0.413,-5.794,1,0.0385,135.041,4,0.618,0,spotify:track:0QsYUZLLqNKaSZM6VUxJVx
80's Comedown Machine,The Strokes,298613,0.00583,0.488,0.503,0.809,0,0.101,-8.89,1,0.0326,144.035,4,0.38,52,spotify:track:2lffRiAET2Xt6BNb4EmkS2
Ms. Jackson,Outkast,270507,0.143,0.843,0.806,0,4,0.0771,-5.946,0,0.269,94.948,4,0.613,78,spotify:track:0I3q5fE6wg7LIfHGngUTnV
Junk Of The Heart (Happy),The Kooks,187253,0.0212,0.604,0.894,0,2,0.0299,-5.0,1,0.037,145.017,4,0.901,60,spotify:track:2jZgzSxNSg1hTCq0ewWHGJ
Private Affair,The Virgins,169387,0.0148,0.644,0.799,0.000189,2,0.0807,-3.093,0,0.0548,127.978,4,0.859,21,spotify:track:4M0y4hzRq9kDB1W6H6S6io
Oxford Comma,Vampire Weekend,195733,0.114,0.694,0.711,0.00124,0,0.0433,-4.237,1,0.0517,119.516,4,0.974,0,spotify:track:2Ml0l8YWJLQhPrRDLpQaDM
Thank God for Girls,Weezer,209102,0.0467,0.555,0.904,0,7,0.0972,-4.575,1,0.0508,95.014,4,0.4,0,spotify:track:5idWVTppblU7fRpbQjIjYl
Fernando Pando,The Virgins,256800,0.0762,0.548,0.51,0,9,0.136,-5.197,1,0.0647,105.141,4,0.452,21,spotify:track:1PCj1ymIagV0psvHeeMqAI
GfC,Albert Hammond Jr,188960,0.0171,0.606,0.817,0.258,0,0.137,-5.666,1,0.0331,129.999,4,0.369,25,spotify:track:2wm3tJarIFNydVe0lRiBN9
She Moves In Her Own Way,The Kooks,169307,0.239,0.41,0.803,0,7,0.103,-5.363,1,0.0623,153.315,4,0.814,68,spotify:track:5xoUgPXbMNUmoHU0Enwtwq
Teen Lovers,The Virgins,133067,0.02,0.714,0.928,5.49e-06,1,0.321,-2.808,1,0.071,122.059,4,0.763,24,spotify:track:3raa3sIRboBZqJXsBwuuNG
Nothing More,Guards,229870,0.0268,0.541,0.751,0.000341,6,0.0964,-8.116,1,0.0352,90.975,4,0.845,23,spotify:track:11Av7NIWdRnaZq7Dj3gOmg
12:51,The Strokes,153133,0.312,0.451,0.889,0.8,4,0.558,-3.838,1,0.0379,145.056,4,0.592,62,spotify:track:6Yu1OL8I0D4vjOzYdsXYGK
Losing Touch,Albert Hammond Jr,234999,0.00385,0.635,0.745,0.0577,2,0.303,-4.613,1,0.0335,138.029,4,0.619,0,spotify:track:4DKvKZ2bDKmK53alg9I9PM
Good To Sea,Pinback,191933,0.501,0.774,0.776,0.000527,7,0.513,-7.846,1,0.0285,100.006,4,0.928,0,spotify:track:7DSd4vlyWgsxhI663M5hgZ
Last Nite,The Strokes,193051,0.0285,0.624,0.91,0.000198,0,0.0789,-5.703,1,0.0297,104.042,4,0.767,70,spotify:track:7kzKAuUzOITUauHAhoMoxA
On the Other Side,The Strokes,276507,0.00367,0.605,0.811,0.000116,10,0.135,-2.341,1,0.0316,108.992,4,0.548,49,spotify:track:6oqJLFTbJ6PkgPfU0Mtjix
Welcome To Japan,The Strokes,230827,0.00233,0.705,0.666,0.0149,2,0.174,-7.23,0,0.0303,124.032,4,0.646,59,spotify:track:7bfocP7GYoLOutUYpTI8tx
Say It Ain't So,Weezer,256880,0.00328,0.635,0.435,6.78e-06,3,0.071,-7.521,1,0.031,76.098,4,0.459,0,spotify:track:4YPhn26bIFm2KUkL1VLzQG
Step,Vampire Weekend,251627,0.591,0.624,0.724,7.79e-06,10,0.101,-7.113,1,0.101,78.008,4,0.624,0,spotify:track:78J9MBkAoqfvyeEpQKJDzD
(If You're Wondering If I Want You To) I Want You To,Weezer,208773,0.00163,0.695,0.873,0.000198,11,0.154,-5.722,0,0.0392,110.021,4,0.799,46,spotify:track:09aDV0TC2RfWFU5IwZfIdG
Ghosting,Mother Mother,288000,0.337,0.611,0.618,0.00254,11,0.108,-5.129,1,0.0258,92.012,4,0.204,0,spotify:track:6tS6kNSPYD1BZbBOg7YiYM
South,Hippo Campus,231469,0.174,0.532,0.548,0.0033,1,0.108,-6.521,1,0.0291,130.114,4,0.443,56,spotify:track:64TjzuxG5PJ7payjphrOC0
Born Slippy,Albert Hammond Jr,244214,0.0211,0.635,0.856,0.00217,7,0.136,-4.992,1,0.0294,110.017,4,0.618,0,spotify:track:6WTDw05w3cjCOw7pQeP9EA
She's Expensive,The Virgins,171760,0.0634,0.733,0.828,0,0,0.115,-4.402,1,0.121,115.035,4,0.567,16,spotify:track:2yiWgkXBjtqnTZcrZN994D
The Beat Comes,Snowden,274613,0.0103,0.503,0.731,6.63e-05,1,0.0998,-6.383,1,0.0301,130.066,4,0.247,0,spotify:track:1TqcrCmEx45KBjxAEdwFu7
Heaven,The Walkmen,262293,9.97e-05,0.369,0.905,0.191,9,0.125,-6.25,1,0.0561,157.998,4,0.535,45,spotify:track:3US6iSyLP2uS07gjjU2ZkG
Ask Me Anything,The Strokes,189973,0.55,0.376,0.31,0.841,8,0.147,-9.79,1,0.0332,131.566,4,0.461,42,spotify:track:6THqWFqcUAAB7At66622Wr
I'm Not Gonna Teach Your Boyfriend How to Dance with You,Black Kids,217707,0.000343,0.478,0.927,0,0,0.359,-4.266,1,0.047,125.346,4,0.775,42,spotify:track:46BMGjAnLVVR1gZcayw93j
Santeria,Sublime,183200,0.0223,0.673,0.772,1.23e-06,1,0.141,-5.246,0,0.0427,90.356,4,0.585,0,spotify:track:6cJqlSO19vsfCsH1FeFI35
Impressions of You,The Virgins,238120,0.145,0.692,0.547,0.00154,9,0.131,-6.564,1,0.0269,105.449,4,0.482,0,spotify:track:2HC2uuwtW6bEcefwy7GUC6
Taking Pictures Of You,The Kooks,161982,0.196,0.66,0.522,0,2,0.356,-7.754,1,0.0323,135.825,4,0.524,57,spotify:track:4lMwlBtIrYootJyUTTs3SE
Under Cover of Darkness,The Strokes,235547,0.00433,0.35,0.775,0.283,11,0.0676,-3.364,1,0.054,199.866,4,0.588,64,spotify:track:6u0x5ad9ewHvs3z6u9Oe3c
San Francisco,The Mowgli's,173093,0.0215,0.307,0.847,0,11,0.0783,-4.215,1,0.0551,93.072,4,0.34,48,spotify:track:2eQOMQkStoRUQyq6HGh1iG
You Only Live Once,The Strokes,189227,0.0238,0.63,0.908,0.592,11,0.116,-2.42,1,0.0326,120.522,4,0.968,68,spotify:track:4fPBB44eDH71YohayI4eKV
Killing Lies,The Strokes,228733,0.00155,0.504,0.806,0.799,6,0.158,-4.955,1,0.0388,120.205,4,0.921,40,spotify:track:0HaELdKUUyrNiDzuADLEoa
TouchÃ©,Albert Hammond Jr,184398,0.00181,0.573,0.904,0.572,2,0.124,-4.43,1,0.112,153.023,4,0.742,0,spotify:track:7JdJ5odgoNrcU6TcTCLqai
California Girls,The Miracals,176677,0.0254,0.697,0.853,0.0188,9,0.677,-5.033,1,0.0254,107.065,4,0.928,5,spotify:track:7o0Zz4CwpqdImsEoPeIoPM
Rich Girls,The Virgins,180120,0.00157,0.749,0.82,1.22e-06,10,0.279,-5.755,0,0.034,109.558,4,0.721,46,spotify:track:58F6iKkYdIccktJ8i8BuQQ
In Transit,Albert Hammond Jr,212680,0.00202,0.468,0.715,0.733,4,0.087,-3.101,0,0.0558,141.01,4,0.6,42,spotify:track:1Jte640nBiOWyuD7N0odNZ
Talk To Me,Kopecky,173827,0.00127,0.733,0.743,0.0152,0,0.0923,-6.707,1,0.03,130.002,4,0.557,0,spotify:track:6DXxNwGTutl5cnAYJkiLVm
11th Dimension,Julian Casablancas,243333,0.00164,0.574,0.925,0.0243,6,0.115,-2.766,0,0.0463,125.501,4,0.369,51,spotify:track:6i99ThziImjuFABb8rUQvy
Razorblade,The Strokes,208133,0.00201,0.394,0.859,0.233,9,0.1,-3.851,1,0.0409,136.075,5,0.511,53,spotify:track:4UF1eupXP9Zz5GpYepyOxI
Finding Something To Do,Hellogoodbye,175320,6.2e-05,0.484,0.942,0,5,0.344,-4.682,1,0.0587,125.028,4,0.631,0,spotify:track:5eVokUW5B0OcThf5zWtsxd
You Can Call Me Al,Paul Simon,280000,0.182,0.776,0.763,0.00647,5,0.077,-8.124,1,0.0534,128.433,4,0.82,72,spotify:track:0qxYx4F3vm1AOnfux6dDxP
Think I Wanna Die,Someone Still Loves You Boris Yeltsin,169320,0.0107,0.629,0.718,0.00011,0,0.142,-8.753,1,0.0379,72.417,4,0.749,5,spotify:track:45s3NSeLxtP2ptB98wiqb3
Is This It,The Strokes,151333,0.147,0.667,0.692,3.75e-05,5,0.349,-8.361,1,0.0285,96.022,4,0.846,56,spotify:track:0jBE7Fn78EAvmIs3dCd6GO
Tap Out,The Strokes,222360,0.0176,0.737,0.745,0.381,9,0.306,-5.944,1,0.0351,115.989,4,0.629,52,spotify:track:2ThdB23G9Rgf1ExndFGEEg
Two Weeks,Grizzly Bear,243160,0.289,0.537,0.712,0.00568,5,0.08,-5.597,1,0.0286,159.871,4,0.704,62,spotify:track:0iTpQYzJnYgh7kIxyq8A2O
Cancel On Me,Bombay Bicycle Club,328720,0.00686,0.541,0.86,0.376,4,0.119,-6.848,1,0.0383,146.006,4,0.461,31,spotify:track:7jYDnZbPuStlOxYV086moY
